loan_id,current_balance,payment_status,days_past_due,servicer_name,last_updated_at
LN-09189269,350774.79,closed,61,Coastal Trust Servicing,2026-05-10
LN-44425648,54983.33,closed,7,Coastal Trust Servicing,2025-08-22
LN-71463282,28625.48,delinquent_30,79,Meridian Loan Servicing,2026-04-26
LN-49019625,434743.45,delinquent_30,49,Highline Capital Servicing,2026-07-02
LN-36351016,200137.37,delinquent_30,92,Highline Capital Servicing,2025-08-14
LN-77983933,279747.1,delinquent_60,107,Highline Capital Servicing,2026-02-20
LN-10667856,258954.86,delinquent_30,13,Highline Capital Servicing,2025-12-03
LN-94138576,35630.84,delinquent_90,17,Coastal Trust Servicing,2025-12-08
LN-49247917,20589.99,delinquent_30,7,Meridian Loan Servicing,2025-10-22
LN-23508590,282824.62,delinquent_30,2,Meridian Loan Servicing,2025-07-30
LN-52017010,64344.48,current,36,Highline Capital Servicing,2025-11-02
LN-25871808,115507.47,delinquent_30,10,Highline Capital Servicing,2025-10-06
LN-52582043,292746.84,delinquent_90,64,Coastal Trust Servicing,2026-05-13
LN-12974864,491269.18,delinquent_60,42,Coastal Trust Servicing,2026-04-12
LN-52279549,384883.65,delinquent_30,114,Highline Capital Servicing,2026-01-29
LN-08411982,181152.38,delinquent_30,54,Meridian Loan Servicing,2026-06-15
LN-22990158,381080.14,delinquent_90,51,Coastal Trust Servicing,2026-04-30
LN-74133637,28770.47,closed,94,Coastal Trust Servicing,2026-01-17
LN-37496962,77083.57,delinquent_60,51,Coastal Trust Servicing,2026-03-30
LN-01995795,183323.33,delinquent_60,9,Meridian Loan Servicing,2025-09-17
LN-28013007,391961.0,delinquent_90,88,Highline Capital Servicing,2026-07-08
LN-66070395,474953.45,closed,48,Highline Capital Servicing,2025-08-25
LN-62029030,533738.83,delinquent_90,24,Meridian Loan Servicing,2026-03-17
LN-01467096,143714.5,current,5,Highline Capital Servicing,2025-07-28
LN-27739465,579122.77,closed,110,Highline Capital Servicing,2026-02-11
LN-48495007,384616.01,delinquent_60,81,Meridian Loan Servicing,2025-08-05
LN-41852232,56388.89,current,18,Highline Capital Servicing,2026-07-23
LN-54312883,287444.8,current,93,Highline Capital Servicing,2025-08-12
LN-18915617,120277.38,delinquent_60,119,Coastal Trust Servicing,2026-06-07
LN-94743421,70821.39,delinquent_30,26,Coastal Trust Servicing,2025-07-14
LN-07294975,83232.33,delinquent_30,27,Meridian Loan Servicing,2025-12-26
LN-87778598,116501.3,current,55,Highline Capital Servicing,2026-06-14
LN-14999685,249226.8,delinquent_90,39,Coastal Trust Servicing,2025-11-05
LN-14679471,109199.26,delinquent_90,74,Highline Capital Servicing,2025-06-21
LN-41636600,99117.82,current,77,Coastal Trust Servicing,2026-07-19
LN-94583655,201908.48,delinquent_60,114,Meridian Loan Servicing,2026-07-11
LN-22585512,127133.44,delinquent_60,63,Coastal Trust Servicing,2026-01-19
LN-75530797,267454.47,closed,7,Meridian Loan Servicing,2026-02-09
LN-34311013,120768.6,delinquent_60,119,Coastal Trust Servicing,2025-12-23
LN-66724354,195509.5,delinquent_90,38,Meridian Loan Servicing,2025-09-16
LN-02157876,202507.62,delinquent_30,92,Highline Capital Servicing,2025-11-21
LN-71772138,478135.26,closed,92,Highline Capital Servicing,2026-05-31
LN-46881850,279889.82,closed,108,Meridian Loan Servicing,2026-01-15
LN-39845670,425890.94,delinquent_60,59,Coastal Trust Servicing,2026-03-10
LN-27526875,256099.21,current,66,Coastal Trust Servicing,2025-06-12
LN-04271765,74099.65,delinquent_90,80,Meridian Loan Servicing,2025-07-05
LN-68059612,34505.99,delinquent_90,67,Highline Capital Servicing,2026-04-20
LN-17442723,327738.21,current,7,Meridian Loan Servicing,2026-06-11
LN-88885492,65234.49,delinquent_60,99,Coastal Trust Servicing,2026-04-05
LN-64932071,113804.93,delinquent_60,39,Meridian Loan Servicing,2026-01-13
LN-44881081,28524.67,delinquent_30,51,Highline Capital Servicing,2026-01-06
LN-22698071,322750.4,delinquent_60,39,Coastal Trust Servicing,2026-06-22
LN-35235529,240851.27,delinquent_90,14,Meridian Loan Servicing,2026-03-03
LN-09190347,85751.76,delinquent_90,8,Coastal Trust Servicing,2025-08-26
LN-46187763,222191.4,delinquent_90,82,Meridian Loan Servicing,2025-10-30
LN-62589142,422190.11,delinquent_90,36,Coastal Trust Servicing,2025-12-31
LN-34094883,151427.61,closed,94,Highline Capital Servicing,2025-12-09
LN-16919540,80936.99,delinquent_90,114,Meridian Loan Servicing,2026-05-21
LN-12778262,44740.76,current,81,Coastal Trust Servicing,2026-07-30
LN-07493681,223596.4,closed,13,Highline Capital Servicing,2025-12-30
LN-69792730,396359.73,delinquent_60,15,Meridian Loan Servicing,2026-07-11
LN-35491332,522731.44,delinquent_60,43,Coastal Trust Servicing,2026-01-11
LN-29179669,91767.74,current,92,Highline Capital Servicing,2026-04-04
LN-86197217,160388.36,current,60,Highline Capital Servicing,2026-04-25
LN-70278360,28733.36,delinquent_60,80,Coastal Trust Servicing,2025-12-09
LN-90210669,13765.93,delinquent_30,3,Meridian Loan Servicing,2025-07-07
LN-18692644,40809.84,current,99,Highline Capital Servicing,2025-07-24
LN-86521479,252860.68,delinquent_30,44,Coastal Trust Servicing,2025-08-29
LN-31269406,45273.68,delinquent_30,73,Coastal Trust Servicing,2026-03-11
LN-25922276,260022.76,delinquent_90,88,Meridian Loan Servicing,2025-10-11
LN-20557107,206855.6,delinquent_60,43,Coastal Trust Servicing,2026-04-17
LN-84682031,481960.41,current,63,Highline Capital Servicing,2025-10-26
LN-25490213,382868.69,delinquent_60,55,Highline Capital Servicing,2025-08-19
LN-84858941,59978.81,delinquent_90,39,Meridian Loan Servicing,2026-06-24
LN-09549625,70140.37,delinquent_60,27,Highline Capital Servicing,2025-11-05
LN-51845789,250612.71,delinquent_30,100,Meridian Loan Servicing,2025-06-13
LN-86215310,263236.53,current,35,Meridian Loan Servicing,2025-06-02
LN-05537536,133291.62,closed,51,Meridian Loan Servicing,2026-01-21
LN-87581448,97178.7,delinquent_60,20,Coastal Trust Servicing,2025-07-02
LN-98110601,428308.57,current,92,Highline Capital Servicing,2026-02-18
LN-42673817,100892.67,current,79,Highline Capital Servicing,2026-01-18
LN-16057244,381456.66,delinquent_90,21,Highline Capital Servicing,2025-06-18
LN-56788012,305021.06,delinquent_30,20,Meridian Loan Servicing,2026-06-12
LN-15346110,62869.12,delinquent_90,92,Coastal Trust Servicing,2025-09-08
LN-18851844,121415.45,current,47,Coastal Trust Servicing,2025-06-01
LN-81092064,460173.72,delinquent_60,5,Highline Capital Servicing,2026-03-18
LN-16134964,125723.35,current,86,Coastal Trust Servicing,2026-06-29
LN-83779376,205965.15,closed,66,Highline Capital Servicing,2025-10-18
LN-94619152,152551.12,delinquent_30,27,Highline Capital Servicing,2025-10-07
LN-43927383,34518.82,delinquent_60,9,Meridian Loan Servicing,2026-06-16
